codigo,nome,descricao,categoria,secao,fabricante,numero_peca,unidade,localizacao,estoque_atual,estoque_minimo,estoque_maximo,status
17879,MOLA FT 30-1TRAS IVECO TURBO DAILY 3510,MOLA FT 30-1TRAS IVECO TURBO DAILY 3510,,Freio e Suspensão,,,UN,,1.0,0,0,Ativo
17894,OLEO PARA COMPRESSOR,OLEO PARA COMPRESSOR,,Thermo King,,,UN,,2.0,0,0,Ativo
17966,RETENTOR DIANT,RETENTOR DIANT,,Motor e Transmissão,,,UN,,9.0,0,0,Ativo
17976,ROLETE DO PATINHO 35MM,ROLETE DO PATINHO 35MM,,Geral,,,UN,,1.0,0,0,Ativo
17977,TERMINAL DE DIRECAO LADO DIR,TERMINAL DE DIRECAO LADO DIR,,Direção e Cabine,,,UN,,4.0,0,0,Ativo
17986,TRAVA ARANHA TRAS MIC-0275/98,TRAVA ARANHA TRAS MIC-0275/98,,Direção e Cabine,,,UN,,8.0,0,0,Ativo
17989,TRAVA ROLETE,TRAVA ROLETE,,Direção e Cabine,,,UN,,7.0,0,0,Ativo
18070,MOLA PEQUENA PATIM DE FREIO,MOLA PEQUENA PATIM DE FREIO,,Freio e Suspensão,,,UN,,2.0,0,0,Ativo
18607,SOLENOIDE DE COMBUSTIVEL,SOLENOIDE DE COMBUSTIVEL,,Elétrica,,,UN,,5.0,0,0,Ativo
18655,SILICONE BLACK,SILICONE BLACK,,Pintura e Química,,,UN,,8.0,0,0,Ativo
18660,FILTRO AR PRIMARIO,FILTRO AR PRIMARIO,,Motor e Transmissão,,,UN,,1.0,0,0,Ativo
18662,FILTRO AR SECUNDARIO,FILTRO AR SECUNDARIO,,Motor e Transmissão,,,UN,,2.0,0,0,Ativo
18810,MOLA PATIM,MOLA PATIM,,Freio e Suspensão,,,UN,,8.0,0,0,Ativo
18922,LANTERNA LUZ PISCA TETO 0007064,LANTERNA LUZ PISCA TETO 0007064,,Elétrica,,,UN,,10.0,0,0,Ativo
18923,LANTERNA DELIMITADORA CABINE LED FORD,LANTERNA DELIMITADORA CABINE LED FORD,,Elétrica,,,UN,,6.0,0,0,Ativo
19004,LANTERNA PISCA LATERAL,LANTERNA PISCA LATERAL,,Elétrica,,,UN,,3.0,0,0,Ativo
19048,JUNTA DO CABECOTE 3346000,JUNTA DO CABECOTE 3346000,,Motor e Transmissão,,,UN,,1.0,0,0,Ativo
19052,SENSOR NIVEL DO LIQ ARREDECIMENTO,SENSOR NIVEL DO LIQ ARREDECIMENTO,,Elétrica,,,UN,,4.0,0,0,Ativo
20507,CALCO DO MOTOR VW 15.190,CALCO DO MOTOR VW 15.190,,Geral,,,UN,,2.0,0,0,Ativo
20525,CANALETA BORRACHA DA PORTA MB,CANALETA BORRACHA DA PORTA MB,,Geral,,,UN,,3.0,0,0,Ativo
20553,AMORTECEDOR DA GRADE DA CABINE VW 15.190,AMORTECEDOR DA GRADE DA CABINE VW 15.190,,Freio e Suspensão,,,UN,,4.0,0,0,Ativo
20568,BOMBA DIRECAO HIDRAULICA,BOMBA DIRECAO HIDRAULICA,,Motor e Transmissão,,,UN,,1.0,0,0,Ativo
20578,CUICA TRAS. VW 15.190,CUICA TRAS. VW 15.190,,Freio e Suspensão,,,UN,,1.0,0,0,Ativo
20950,PNEU 215/75R 17.5 GOODYEAR,PNEU 215/75R 17.5 GOODYEAR,,Pneus e Rodas,,,UN,,2.0,0,0,Ativo
21442,CORREIA 6PK,CORREIA 6PK,,Motor e Transmissão,,,UN,,2.0,0,0,Ativo
21577,SERVO EMBREAGEM,SERVO EMBREAGEM,,Motor e Transmissão,,,UN,,1.0,0,0,Ativo
21592,BARRA DIRECAO CURTA,BARRA DIRECAO CURTA,,Direção e Cabine,,,UN,,1.0,0,0,Ativo
21593,BARRA LONGA DIRECAO,BARRA LONGA DIRECAO,,Direção e Cabine,,,UN,,1.0,0,0,Ativo
21685,KIT SENSOR DE TEMPERATURA NAO GRADUADO,KIT SENSOR DE TEMPERATURA NAO GRADUADO,,Elétrica,,,UN,,3.0,0,0,Ativo
21702,LAMPADA 1 POLO AMARELA,LAMPADA 1 POLO AMARELA,,Elétrica,,,UN,,41.0,0,0,Ativo
21709,VALVULA REG. PRESSAO LINHA,VALVULA REG. PRESSAO LINHA,,Geral,,,UN,,8.0,0,0,Ativo
21710,CORREIA 3PK,CORREIA 3PK,,Motor e Transmissão,,,UN,,6.0,0,0,Ativo
21711,CORREIA COMPRESSOR ALTERNADOR,CORREIA COMPRESSOR ALTERNADOR,,Thermo King,,,UN,,8.0,0,0,Ativo
21774,CORREIA MOTOR ELETRICO,CORREIA MOTOR ELETRICO,,Motor e Transmissão,,,UN,,4.0,0,0,Ativo
21776,CORREIA BOMBA D'AGUA,CORREIA BOMBA D'AGUA,,Motor e Transmissão,,,UN,,4.0,0,0,Ativo
21778,SENSOR DE ROTACAO DO MOTOR,SENSOR DE ROTACAO DO MOTOR,,Elétrica,,,UN,,2.0,0,0,Ativo
21779,PNEU 235/75R17.5 132/130L,PNEU 235/75R17.5 132/130L,,Pneus e Rodas,,,UN,,2.0,0,0,Ativo
21914,CONJ ESPELHO RETROVISOR BIPARTIDO,CONJ ESPELHO RETROVISOR BIPARTIDO,,Direção e Cabine,,,UN,,1.0,0,0,Ativo
21915,ESPELHO COMPLETO CONVEXO C/BIFOCAL,ESPELHO COMPLETO CONVEXO C/BIFOCAL,,Direção e Cabine,,,UN,,1.0,0,0,Ativo
22100,JG LONA DE FREIO DIANT,JG LONA DE FREIO DIANT,,Freio e Suspensão,,,UN,,4.0,0,0,Ativo
22103,MOLA 6A TRAS,MOLA 6A TRAS,,Freio e Suspensão,,,UN,,2.0,0,0,Ativo
22116,PATIM DE FREIO DIANTEIRO,PATIM DE FREIO DIANTEIRO,,Freio e Suspensão,,,UN,,2.0,0,0,Ativo
22147,JOGO DE REPARO CX DIRECAO VW24280,JOGO DE REPARO CX DIRECAO VW24280,,Direção e Cabine,,,UN,,2.0,0,0,Ativo
22255,JOGO DE REPARO CX DIRECAO VW15190,JOGO DE REPARO CX DIRECAO VW15190,,Direção e Cabine,,,UN,,2.0,0,0,Ativo
22273,TRANSDUTOR ALTA PRES 500 PSI,TRANSDUTOR ALTA PRES 500 PSI,,Elétrica,,,UN,,3.0,0,0,Ativo
22405,BOMBA AGUA,BOMBA AGUA,,Motor e Transmissão,,,UN,,1.0,0,0,Ativo
22417,JOGO DE JUNTAS DO COMPRESSOR,JOGO DE JUNTAS DO COMPRESSOR,,Thermo King,,,UN,,2.0,0,0,Ativo
22419,SELO COMPRESSOR X214P/R12,SELO COMPRESSOR X214P/R12,,Thermo King,,,UN,,3.0,0,0,Ativo
22496,BORRACHA PORTA,BORRACHA PORTA,,Geral,,,UN,,6.0,0,0,Ativo
14466,PLACA ELET. C/ FUSIVEIS E RELES TSE 24V.,PLACA ELET. C/ FUSIVEIS E RELES TSE 24V.,,Elétrica,,,UN,,1.0,0,0,Ativo
14666,ESTICADOR HIDRAULICO DE 10,ESTICADOR HIDRAULICO DE 10,,Geral,,,UN,,1.0,0,0,Ativo
14668,ELETROV SPAL C 11 12V A PA RETA,ELETROV SPAL C 11 12V A PA RETA,,Elétrica,,,UN,,1.0,0,0,Ativo
14938,MANIVELA LEVANTAR VIDRO MB,MANIVELA LEVANTAR VIDRO MB,,Direção e Cabine,,,UN,,2.0,0,0,Ativo
14968,PISTOLA P/ PINTURA TIPO B NA 10,PISTOLA P/ PINTURA TIPO B NA 10,,Ferramentas,,,UN,,1.0,0,0,Ativo
14974,"BRASILUX AZUL MUNICH GM 93 3,6L","BRASILUX AZUL MUNICH GM 93 3,6L",,Pintura e Química,,,UN,,3.0,0,0,Ativo
15039,ADITIVO RADIADOR ORGANICO TECBRIL,ADITIVO RADIADOR ORGANICO TECBRIL,,Motor e Transmissão,,,UN,,11.0,0,0,Ativo
15139,TAMPA TANQUE ARLA,TAMPA TANQUE ARLA,,Motor e Transmissão,,,UN,,3.0,0,0,Ativo
15141,LANTERNA LATERAL DO BAU LARANJA,LANTERNA LATERAL DO BAU LARANJA,,Elétrica,,,UN,,22.0,0,0,Ativo
15249,PARAFUSO 8 8,PARAFUSO 8 8,,"Fixação e Diversos (parafusos, arruelas, etc.)",,,UN,,66.0,0,0,Ativo
15250,PARAFUSO SX 8 8 10X20,PARAFUSO SX 8 8 10X20,,"Fixação e Diversos (parafusos, arruelas, etc.)",,,UN,,2.0,0,0,Ativo
15282,ESTRUTURA TSE S C/ RITES,ESTRUTURA TSE S C/ RITES,,Geral,,,UN,,1.0,0,0,Ativo
15348,CAPO 300,CAPO 300,,Direção e Cabine,,,UN,,2.0,0,0,Ativo
15352,ARLA 32 GRANEL LT,ARLA 32 GRANEL LT,,Motor e Transmissão,,,UN,,152.0,0,0,Ativo
15440,ESMERILHADEIRA,ESMERILHADEIRA,,Ferramentas,,,UN,,2.0,0,0,Ativo
15465,FILTRO DIRECAO HF6162,FILTRO DIRECAO HF6162,,Motor e Transmissão,,,UN,,2.0,0,0,Ativo
15538,ELEMENTO FILTRANTE ARS9838,ELEMENTO FILTRANTE ARS9838,,Geral,,,UN,,1.0,0,0,Ativo
15540,RELE AUXILIAR DNI0122,RELE AUXILIAR DNI0122,,Elétrica,,,UN,,8.0,0,0,Ativo
15541,RELE AUXILIAR 4 TERMINAIS 12V UNIVERSAL,RELE AUXILIAR 4 TERMINAIS 12V UNIVERSAL,,Elétrica,,,UN,,1.0,0,0,Ativo
15543,BOTAO PARTIDA AZUL,BOTAO PARTIDA AZUL,,Elétrica,,,UN,,2.0,0,0,Ativo
15739,PRESILHA FORRO MB1620,PRESILHA FORRO MB1620,,Geral,,,UN,,137.0,0,0,Ativo
15754,CHAVE NIVEL,CHAVE NIVEL,,Ferramentas,,,UN,,5.0,0,0,Ativo
15773,"ELEMENTO BICO INJETOR TURBO DIESEL 2,5","ELEMENTO BICO INJETOR TURBO DIESEL 2,5",,Motor e Transmissão,,,UN,,6.0,0,0,Ativo
15882,FILTRO COMBUSTIVEL WK95412,FILTRO COMBUSTIVEL WK95412,,Motor e Transmissão,,,UN,,1.0,0,0,Ativo
15905,SUPORTE INTERNO RETROVISOR,SUPORTE INTERNO RETROVISOR,,Direção e Cabine,,,UN,,1.0,0,0,Ativo
15915,MARRETA 2KG,MARRETA 2KG,,Ferramentas,,,UN,,1.0,0,0,Ativo
15925,"EMBUCHAMENTO 38,00 MM STD","EMBUCHAMENTO 38,00 MM STD",,Motor e Transmissão,,,UN,,2.0,0,0,Ativo
15930,CAIXA FERRAMENTA 5 GALV 50CM,CAIXA FERRAMENTA 5 GALV 50CM,,Ferramentas,,,UN,,3.0,0,0,Ativo
15931,CHAVE ALLEN 10MM,CHAVE ALLEN 10MM,,Ferramentas,,,UN,,14.0,0,0,Ativo
15934,FERRO DE SOLDA 25W,FERRO DE SOLDA 25W,,Ferramentas,,,UN,,1.0,0,0,Ativo
15942,JOGO DE CHAVE BIELA 10MM,JOGO DE CHAVE BIELA 10MM,,Ferramentas,,,UN,,3.0,0,0,Ativo
15954,"TALHADEIRA REDONDA 8""","TALHADEIRA REDONDA 8""",,Ferramentas,,,UN,,1.0,0,0,Ativo
15958,PISTOLA PNEUMATICA SEPARADOR DE AGUA,PISTOLA PNEUMATICA SEPARADOR DE AGUA,,Ferramentas,,,UN,,1.0,0,0,Ativo
15961,SOQUETE LAMPADA PAINEL 24V,SOQUETE LAMPADA PAINEL 24V,,Elétrica,,,UN,,20.0,0,0,Ativo
15981,PORTA ESCOVA MOTOR DE PARTIDA UF113014,PORTA ESCOVA MOTOR DE PARTIDA UF113014,,Elétrica,,,UN,,2.0,0,0,Ativo
16001,REPARO DA CAIXA DE DIRECAO ACCELO,REPARO DA CAIXA DE DIRECAO ACCELO,,Direção e Cabine,,,UN,,2.0,0,0,Ativo
16003,ELEMENTO FILTRANTE ARS 838,ELEMENTO FILTRANTE ARS 838,,Geral,,,UN,,1.0,0,0,Ativo
16005,VALVULA SERVICO BITZER SUCCAO SOLDA,VALVULA SERVICO BITZER SUCCAO SOLDA,,Thermo King,,,UN,,1.0,0,0,Ativo
16010,MEDIDOR DE DESGASTE DE PNEUS,MEDIDOR DE DESGASTE DE PNEUS,,Ferramentas,,,UN,,1.0,0,0,Ativo
16012,MARRETA DINAMICA GRANDE,MARRETA DINAMICA GRANDE,,Ferramentas,,,UN,,1.0,0,0,Ativo
16013,LUVA ALTA TENSAO,LUVA ALTA TENSAO,,EPI / Segurança,,,UN,,4.0,0,0,Ativo
16014,LUVA COBERTURA ELETRICISTA ALTA TENSAO,LUVA COBERTURA ELETRICISTA ALTA TENSAO,,EPI / Segurança,,,UN,,1.0,0,0,Ativo
16024,JUNTA DO CARTER,JUNTA DO CARTER,,Motor e Transmissão,,,UN,,10.0,0,0,Ativo
16032,SOQUETE LAMPADA H7,SOQUETE LAMPADA H7,,Elétrica,,,UN,,5.0,0,0,Ativo
16086,VALVULA DE SEGURANCA 28KGF,VALVULA DE SEGURANCA 28KGF,,Geral,,,UN,,3.0,0,0,Ativo
16087,"ELETROVENTILADOR SPAL 9"" 12V ASPIRANTE","ELETROVENTILADOR SPAL 9"" 12V ASPIRANTE",,Elétrica,,,UN,,1.0,0,0,Ativo
16101,PARAFUSO 6X30 ESTRELA FIXAR FECHADURA,PARAFUSO 6X30 ESTRELA FIXAR FECHADURA,,Direção e Cabine,,,UN,,1.0,0,0,Ativo
16104,PARAFUSO ESTRELA FIXAR FECHADURA PORTA,PARAFUSO ESTRELA FIXAR FECHADURA PORTA,,Direção e Cabine,,,UN,,2.0,0,0,Ativo
16108,LANTERNA LATERAL BAU BRANCA COMPLETA,LANTERNA LATERAL BAU BRANCA COMPLETA,,Elétrica,,,UN,,14.0,0,0,Ativo
16109,LANTERNA LATERAL BAU VERMELHA COMPLETA,LANTERNA LATERAL BAU VERMELHA COMPLETA,,Elétrica,,,UN,,10.0,0,0,Ativo
16466,MOTOR DO LIMPADOR DO PARABRISA,MOTOR DO LIMPADOR DO PARABRISA,,Elétrica,,,UN,,2.0,0,0,Ativo
16521,BALDE GRADUADO,BALDE GRADUADO,,Geral,,,UN,,1.0,0,0,Ativo
16829,RETIFICA 1/4 480W,RETIFICA 1/4 480W,,Ferramentas,,,UN,,1.0,0,0,Ativo
17316,OLEO 10W40,OLEO 10W40,,Motor e Transmissão,,,BD,,60.0,0,0,Ativo
17320,ELEMENTO FILTRANTE AR.,ELEMENTO FILTRANTE AR.,,Geral,,,UN,,6.0,0,0,Ativo
17321,FILTRO LUBRIFICANTE CARTUCHO MAN D8.34,FILTRO LUBRIFICANTE CARTUCHO MAN D8.34,,Motor e Transmissão,,,UN,,1.0,0,0,Ativo
17324,FILTRO COMBUSTIVEL NUMTRANSVENDA BLIND,FILTRO COMBUSTIVEL NUMTRANSVENDA BLIND,,Motor e Transmissão,,,UN,,2.0,0,0,Ativo
17332,FILTRO LUBRIFICANTE CARTUCHO MAN D08,FILTRO LUBRIFICANTE CARTUCHO MAN D08,,Motor e Transmissão,,,UN,,2.0,0,0,Ativo
17515,COLA 3M 73G JUNTAS MOTORES DIESEL,COLA 3M 73G JUNTAS MOTORES DIESEL,,Motor e Transmissão,,,UN,,10.0,0,0,Ativo
17536,LAMPADA H4 24V 75/70W,LAMPADA H4 24V 75/70W,,Elétrica,,,UN,,21.0,0,0,Ativo
17567,COLETE DE OXFORD AZUL ROYAL,COLETE DE OXFORD AZUL ROYAL,,EPI / Segurança,,,UN,,54.0,0,0,Ativo
17609,INTERRUPTOR DE PRESSAO DO OLEO TK,INTERRUPTOR DE PRESSAO DO OLEO TK,,Thermo King,,,UN,,1.0,0,0,Ativo
17625,PALHETA LIMPADOR PARA-BRISA,PALHETA LIMPADOR PARA-BRISA,,Geral,,,UN,,4.0,0,0,Ativo
17669,LAMPADA 2 POLOS 1034 24V,LAMPADA 2 POLOS 1034 24V,,Elétrica,,,UN,,16.0,0,0,Ativo
17670,LANTERNA LATERAL AMARELA LED,LANTERNA LATERAL AMARELA LED,,Elétrica,,,UN,,18.0,0,0,Ativo
17718,BUCHA FEIXE DE MOLAS DIANT ACCELO 815,BUCHA FEIXE DE MOLAS DIANT ACCELO 815,,Freio e Suspensão,,,UN,,5.0,0,0,Ativo
17719,"BUCHA MOLA JUM DT VW 11.130, 12.140 EMB","BUCHA MOLA JUM DT VW 11.130, 12.140 EMB",,Freio e Suspensão,,,UN,,5.0,0,0,Ativo
17807,PALHETA DO LIMPADOR PARABRISA,PALHETA DO LIMPADOR PARABRISA,,Geral,,,UN,,7.0,0,0,Ativo
17808,JOGO DE LONA FREIO MB 710,JOGO DE LONA FREIO MB 710,,Freio e Suspensão,,,UN,,2.0,0,0,Ativo
17820,REBITE 10X10 ALUMINIO,REBITE 10X10 ALUMINIO,,"Fixação e Diversos (parafusos, arruelas, etc.)",,,UN,,353.0,0,0,Ativo
17840,LAMPADA 67 24V,LAMPADA 67 24V,,Elétrica,,,UN,,7.0,0,0,Ativo
17857,JG LONA FREIO TRS STD 0013809,JG LONA FREIO TRS STD 0013809,,Freio e Suspensão,,,UN,,4.0,0,0,Ativo
8389,RELE DE PISCA 24V,RELE DE PISCA 24V,,Elétrica,,,UN,,3.0,0,0,Ativo
8392,MACANETA EXTERNA LADO DIREITO,MACANETA EXTERNA LADO DIREITO,,Direção e Cabine,,,UN,,1.0,0,0,Ativo
8395,"ARRUELA PRESSAO ZN 10,0 X 17,0 X 2,0 MM","ARRUELA PRESSAO ZN 10,0 X 17,0 X 2,0 MM",,"Fixação e Diversos (parafusos, arruelas, etc.)",,,UN,,2.0,0,0,Ativo
8753,PRISIONEIRO DO SOLENOIDE DE COMB,PRISIONEIRO DO SOLENOIDE DE COMB,,Elétrica,,,UN,,7.0,0,0,Ativo
8754,CONEXAO DE ESFERA,CONEXAO DE ESFERA,,"Fixação e Diversos (parafusos, arruelas, etc.)",,,UN,,2.0,0,0,Ativo
8776,CHAVE LONGA DE IMPACTO 1 L,CHAVE LONGA DE IMPACTO 1 L,,Ferramentas,,,UN,,1.0,0,0,Ativo
8880,CHAVE GARRAS PARA PORCA RANHURADA,CHAVE GARRAS PARA PORCA RANHURADA,,Ferramentas,,,UN,,1.0,0,0,Ativo
8881,CHAVE GARRAS PARA PORCA RANHURADA TUB,CHAVE GARRAS PARA PORCA RANHURADA TUB,,Ferramentas,,,UN,,1.0,0,0,Ativo
8882,CHAVE SEXTAVADA DE PARA PORCA CUBO 90MM,CHAVE SEXTAVADA DE PARA PORCA CUBO 90MM,,Ferramentas,,,UN,,1.0,0,0,Ativo
8992,ANEIS PISTAO STD,ANEIS PISTAO STD,,Motor e Transmissão,,,UN,,1.0,0,0,Ativo
9304,BUCHA ESTABILIZADORA DIAT. MB 710 PLUS,BUCHA ESTABILIZADORA DIAT. MB 710 PLUS,,Geral,,,UN,,3.0,0,0,Ativo
9326,CHAVE AJUSTAVEL ROBUST 191-12,CHAVE AJUSTAVEL ROBUST 191-12,,Ferramentas,,,UN,,1.0,0,0,Ativo
9505,LIXA DISCO 320,LIXA DISCO 320,,Ferramentas,,,UN,,1.0,0,0,Ativo
9546,CINTO DE SEGURANCA PARAQUEDISTA,CINTO DE SEGURANCA PARAQUEDISTA,,EPI / Segurança,,,UN,,2.0,0,0,Ativo
9550,TALABARTE DE CORDA NYLON,TALABARTE DE CORDA NYLON,,EPI / Segurança,,,UN,,2.0,0,0,Ativo
9572,MACANETA INTERNA MB 1620 LS - L/E - ORIG,MACANETA INTERNA MB 1620 LS - L/E - ORIG,,Direção e Cabine,,,UN,,1.0,0,0,Ativo
9756,GAS FLUIDO R-404A (0000676),GAS FLUIDO R-404A (0000676),,Thermo King,,,KG,,43.64,0,0,Ativo
9794,TERMINAL DIRECAO CAMINHAO VW F12000 - LD,TERMINAL DIRECAO CAMINHAO VW F12000 - LD,,Direção e Cabine,,,UN,,1.0,0,0,Ativo
10144,PORCA SEXTAVADO ACO INOX 1/4X20 F,PORCA SEXTAVADO ACO INOX 1/4X20 F,,"Fixação e Diversos (parafusos, arruelas, etc.)",,,UN,,3.0,0,0,Ativo
10173,TERMINAL DIRECAO C.VW/CARGO/F12000 LE,TERMINAL DIRECAO C.VW/CARGO/F12000 LE,,Direção e Cabine,,,UN,,1.0,0,0,Ativo
10183,FAROL VW 15.190,FAROL VW 15.190,,Elétrica,,,UN,,3.0,0,0,Ativo
10294,BRACO RETROV. VW 13.180/17.210 2005/19MM,BRACO RETROV. VW 13.180/17.210 2005/19MM,,Geral,,,UN,,3.0,0,0,Ativo
10306,INSERT P/TUBO 12MM,INSERT P/TUBO 12MM,,"Fixação e Diversos (parafusos, arruelas, etc.)",,,UN,,20.0,0,0,Ativo
10418,GAS R 22,GAS R 22,,Thermo King,,,UN,,15.1,0,0,Ativo
10516,BUZINA BIBITI 24VT,BUZINA BIBITI 24VT,,Elétrica,,,UN,,3.0,0,0,Ativo
10675,TAMPA TRASEIRA DO ALTERNADOR,TAMPA TRASEIRA DO ALTERNADOR,,Geral,,,UN,,3.0,0,0,Ativo
10748,CAMISA DO CILINDRO,CAMISA DO CILINDRO,,Motor e Transmissão,,,UN,,3.0,0,0,Ativo
11077,BIELA TK3,BIELA TK3,,Thermo King,,,UN,,1.0,0,0,Ativo
11109,CONEXAO UNIAO INSTANTANEA,CONEXAO UNIAO INSTANTANEA,,"Fixação e Diversos (parafusos, arruelas, etc.)",,,UN,,8.0,0,0,Ativo
11180,ARRUELA,ARRUELA,,"Fixação e Diversos (parafusos, arruelas, etc.)",,,UN,,44.0,0,0,Ativo
11266,BOMBA MANUAL PARA OLEO DE CAMBIO,BOMBA MANUAL PARA OLEO DE CAMBIO,,Motor e Transmissão,,,UN,,1.0,0,0,Ativo
11267,ESTANTE PINGADEIRA PARA OLEO COM FUNIL,ESTANTE PINGADEIRA PARA OLEO COM FUNIL,,Motor e Transmissão,,,UN,,3.0,0,0,Ativo
11294,FILTRO DE OLEO TECFIL PH346,FILTRO DE OLEO TECFIL PH346,,Motor e Transmissão,,,UN,,76.0,0,0,Ativo
11312,KIT MARTELETE PNEUMATICO COM 5 CINZEIS,KIT MARTELETE PNEUMATICO COM 5 CINZEIS,,Ferramentas,,,UN,,1.0,0,0,Ativo
11397,PARAFUSO SEXTAVADO INOX MM MA (RG) 10X20,PARAFUSO SEXTAVADO INOX MM MA (RG) 10X20,,"Fixação e Diversos (parafusos, arruelas, etc.)",,,UN,,76.0,0,0,Ativo
11501,CHAVE RODA 30X32 S/CABO,CHAVE RODA 30X32 S/CABO,,Ferramentas,,,UN,,1.0,0,0,Ativo
11504,MACACO HIDRAULICO 12 TON - BOVENAU,MACACO HIDRAULICO 12 TON - BOVENAU,,Ferramentas,,,UN,,7.0,0,0,Ativo
11540,FECHADURA PORTA INTERNA MB - L/D,FECHADURA PORTA INTERNA MB - L/D,,Direção e Cabine,,,UN,,3.0,0,0,Ativo
11563,TRINCO QUEBRA VENTO,TRINCO QUEBRA VENTO,,Direção e Cabine,,,UN,,3.0,0,0,Ativo
11648,ALICATE REBITADOR BERG,ALICATE REBITADOR BERG,,Ferramentas,,,UN,,1.0,0,0,Ativo
11873,LOGOTIPO WORKER,LOGOTIPO WORKER,,Geral,,,UN,,2.0,0,0,Ativo
12027,LIXA MASSA 120 3M 230U,LIXA MASSA 120 3M 230U,,Ferramentas,,,UN,,13.0,0,0,Ativo
12056,FLUIDO DE FREIO DOT 4,FLUIDO DE FREIO DOT 4,,Freio e Suspensão,,,UN,,1.0,0,0,Ativo
12171,PINO 2936B56G01,PINO 2936B56G01,,"Fixação e Diversos (parafusos, arruelas, etc.)",,,UN,,4.0,0,0,Ativo
12292,CONTROLADOR,CONTROLADOR,,Geral,,,UN,,1.0,0,0,Ativo
12301,CATRACA FREIO DIR. 26 ESTRIAS BOECHAT,CATRACA FREIO DIR. 26 ESTRIAS BOECHAT,,Freio e Suspensão,,,UN,,1.0,0,0,Ativo
12515,KIT BOMBA DE OLEO,KIT BOMBA DE OLEO,,Motor e Transmissão,,,UN,,1.0,0,0,Ativo
12563,MACANETA INTERNA VW 13.180,MACANETA INTERNA VW 13.180,,Direção e Cabine,,,UN,,7.0,0,0,Ativo
12652,CHAVE CATRACA 1/2 CCT 1/2,CHAVE CATRACA 1/2 CCT 1/2,,Ferramentas,,,UN,,2.0,0,0,Ativo
12812,THINNER ANJO 5LTS,THINNER ANJO 5LTS,,Pintura e Química,,,UN,,5.0,0,0,Ativo
12880,CORREIA DO MOTOR AO COMPR,CORREIA DO MOTOR AO COMPR,,Motor e Transmissão,,,UN,,7.0,0,0,Ativo
12939,JOGO SOQUETE IMPACTO ARTICULADO 1/2 8PCS,JOGO SOQUETE IMPACTO ARTICULADO 1/2 8PCS,,Ferramentas,,,UN,,1.0,0,0,Ativo
13087,PARAFUSO SEXTAVADO INOX 5/16 X 1.1/2,PARAFUSO SEXTAVADO INOX 5/16 X 1.1/2,,"Fixação e Diversos (parafusos, arruelas, etc.)",,,UN,,1.0,0,0,Ativo
13142,HELICE DO EVAPORADOR 4107D64H01,HELICE DO EVAPORADOR 4107D64H01,,Thermo King,,,UN,,1.0,0,0,Ativo
13208,CONEXAO TEE COM RESTRITOR,CONEXAO TEE COM RESTRITOR,,"Fixação e Diversos (parafusos, arruelas, etc.)",,,UN,,1.0,0,0,Ativo
13388,"ELETROV. SPAL 9"" 24V","ELETROV. SPAL 9"" 24V",,Elétrica,,,UN,,2.0,0,0,Ativo
13438,TANQUE LIQUIDO 4 + CONEXAO 3/4 16UNF,TANQUE LIQUIDO 4 + CONEXAO 3/4 16UNF,,"Fixação e Diversos (parafusos, arruelas, etc.)",,,UN,,1.0,0,0,Ativo
13523,MANCAL DE PRESSAO DO CASO MOTOR TK,MANCAL DE PRESSAO DO CASO MOTOR TK,,Thermo King,,,UN,,1.0,0,0,Ativo
13597,MACANETA EXTERNA-MB ACCELO 2005/L.D C/CH,MACANETA EXTERNA-MB ACCELO 2005/L.D C/CH,,Direção e Cabine,,,UN,,1.0,0,0,Ativo
13616,ALAVANCA FREIO MAO VW 12140,ALAVANCA FREIO MAO VW 12140,,Freio e Suspensão,,,UN,,1.0,0,0,Ativo
13628,KIT FILTROS MD300,KIT FILTROS MD300,,Motor e Transmissão,,,UN,,4.0,0,0,Ativo
13701,PARAFUSO SEXTAVADO INOX 1/4 X 1,PARAFUSO SEXTAVADO INOX 1/4 X 1,,"Fixação e Diversos (parafusos, arruelas, etc.)",,,UN,,26.0,0,0,Ativo
13784,ENDURECEDOR PU 00065 450ML,ENDURECEDOR PU 00065 450ML,,Pintura e Química,,,UN,,16.0,0,0,Ativo
13817,CHAVE CANHAO 11MM,CHAVE CANHAO 11MM,,Ferramentas,,,UN,,1.0,0,0,Ativo
13907,JOGO DE CHAVE SOQUETE 1/2-10 A 32MM,JOGO DE CHAVE SOQUETE 1/2-10 A 32MM,,Ferramentas,,,UN,,2.0,0,0,Ativo
13909,SENSOR NIVEL DO LIQ. ARREFECIMENTO,SENSOR NIVEL DO LIQ. ARREFECIMENTO,,Elétrica,,,UN,,1.0,0,0,Ativo
13920,CONECTOR DA VELA DE IGNICAO,CONECTOR DA VELA DE IGNICAO,,Elétrica,,,UN,,1.0,0,0,Ativo
14048,CINTA P/ ANEIS,CINTA P/ ANEIS,,Geral,,,UN,,1.0,0,0,Ativo
14194,JOGO FERRAMENTA SOLTAR/APERTAR PORCAS,JOGO FERRAMENTA SOLTAR/APERTAR PORCAS,,"Fixação e Diversos (parafusos, arruelas, etc.)",,,UN,,1.0,0,0,Ativo
14198,CABO DE BASCULAR A CABINE,CABO DE BASCULAR A CABINE,,Geral,,,UN,,1.0,0,0,Ativo
14199,CABO FECHADURA PORTA L. ESQUERDO,CABO FECHADURA PORTA L. ESQUERDO,,Direção e Cabine,,,UN,,4.0,0,0,Ativo
14465,PLACA ELETRICA C/ FUSIVEIS E RELES TSE,PLACA ELETRICA C/ FUSIVEIS E RELES TSE,,Elétrica,,,UN,,2.0,0,0,Ativo
3013,FLANGEADOR PARA TUBO JOGO C/ 4 A 16MM,FLANGEADOR PARA TUBO JOGO C/ 4 A 16MM,,Ferramentas,,,UN,,1.0,0,0,Ativo
3059,TERMOSTATO DE AGUA,TERMOSTATO DE AGUA,,Motor e Transmissão,,,UN,,4.0,0,0,Ativo
3067,BRONZINA DO COMPRESSOR THERMOKING,BRONZINA DO COMPRESSOR THERMOKING,,Thermo King,,,UN,,2.0,0,0,Ativo
3127,CHAVE DE L 14,CHAVE DE L 14,,Ferramentas,,,UN,,1.0,0,0,Ativo
3151,INSERTO PARA TUBO 3/8,INSERTO PARA TUBO 3/8,,"Fixação e Diversos (parafusos, arruelas, etc.)",,,UN,,1.0,0,0,Ativo
3175,AMORTECEDOR TRASEIRO,AMORTECEDOR TRASEIRO,,Freio e Suspensão,,,UN,,3.0,0,0,Ativo
3356,FAIXA REFLETIVA LATERAL 3M,FAIXA REFLETIVA LATERAL 3M,,Geral,,,UN,,300.0,0,0,Ativo
3518,LIMPA CONTATOS,LIMPA CONTATOS,,Pintura e Química,,,UN,,9.0,0,0,Ativo
3524,SOQUETE FAROL BICUDINHO,SOQUETE FAROL BICUDINHO,,Elétrica,,,UN,,6.0,0,0,Ativo
3529,TERMINAL ELETRICO PRE-ISOLADOS AZUL,TERMINAL ELETRICO PRE-ISOLADOS AZUL,,Elétrica,,,UN,,3.0,0,0,Ativo
3562,FAROL VW LE APOS 2000,FAROL VW LE APOS 2000,,Elétrica,,,UN,,1.0,0,0,Ativo
3597,DETERGENTE ORQUIMOL,DETERGENTE ORQUIMOL,,Pintura e Química,,,UN,,188.0,0,0,Ativo
3662,VEDA VAZAMENTO RADIADOR,VEDA VAZAMENTO RADIADOR,,Motor e Transmissão,,,UN,,6.0,0,0,Ativo
3668,LAMPADA H3 24V,LAMPADA H3 24V,,Elétrica,,,UN,,14.0,0,0,Ativo
3763,CHAVE COMBINADA 8,CHAVE COMBINADA 8,,Ferramentas,,,UN,,1.0,0,0,Ativo
3782,"PORCA SEXTAVADA M12 1,50 MB","PORCA SEXTAVADA M12 1,50 MB",,"Fixação e Diversos (parafusos, arruelas, etc.)",,,UN,,67.0,0,0,Ativo
3895,CHAVE SACA FILTRO OLEO CAMINHAO VOLVO,CHAVE SACA FILTRO OLEO CAMINHAO VOLVO,,Ferramentas,,,UN,,1.0,0,0,Ativo
3903,CHAVE CANHAO GEDORE 9MM,CHAVE CANHAO GEDORE 9MM,,Ferramentas,,,UN,,1.0,0,0,Ativo
4218,CHAVE INGLESA FORMA B12,CHAVE INGLESA FORMA B12,,Ferramentas,,,UN,,1.0,0,0,Ativo
4274,"LAMPADA 24V 1,2W","LAMPADA 24V 1,2W",,Elétrica,,,UN,,60.0,0,0,Ativo
4383,JOGO DE CHAVE TORX T10 A T50,JOGO DE CHAVE TORX T10 A T50,,Ferramentas,,,UN,,3.0,0,0,Ativo
4943,PROPULSORA PNEUMATICA,PROPULSORA PNEUMATICA,,Ferramentas,,,UN,,1.0,0,0,Ativo
4951,CONTROLADOR EVERY C. FK-204A S/SENSOR,CONTROLADOR EVERY C. FK-204A S/SENSOR,,Thermo King,,,UN,,1.0,0,0,Ativo
4986,"DIAFRAGMA DE 8"" CUICA DE FREIO","DIAFRAGMA DE 8"" CUICA DE FREIO",,Freio e Suspensão,,,UN,,20.0,0,0,Ativo
5119,FILTRO DE AR CA93695Y,FILTRO DE AR CA93695Y,,Motor e Transmissão,,,UN,,1.0,0,0,Ativo
5319,SENSOR FILTRO,SENSOR FILTRO,,Elétrica,,,UN,,3.0,0,0,Ativo
5393,MICRO MOTOR ELCO 1/2 220V EXAUS C/HELIC,MICRO MOTOR ELCO 1/2 220V EXAUS C/HELIC,,Geral,,,UN,,1.0,0,0,Ativo
5549,ALICATE AMPERIMETRO DIGITAL VA910,ALICATE AMPERIMETRO DIGITAL VA910,,Ferramentas,,,UN,,1.0,0,0,Ativo
5557,MACARICO TURBOTORCH VICTOR SK7000 P,MACARICO TURBOTORCH VICTOR SK7000 P,,Ferramentas,,,UN,,2.0,0,0,Ativo
5581,CALIBRADOR DIGITAL PAREDE P/ PNEU 20MTS,CALIBRADOR DIGITAL PAREDE P/ PNEU 20MTS,,Ferramentas,,,UN,,1.0,0,0,Ativo
5582,MACACO HIDRAULICO JACARE PORTATIL 2 TON,MACACO HIDRAULICO JACARE PORTATIL 2 TON,,Ferramentas,,,UN,,1.0,0,0,Ativo
5628,ENDURECEDOR PU 225ML,ENDURECEDOR PU 225ML,,Pintura e Química,,,UN,,1.0,0,0,Ativo
5905,RELE AUXILIAR 70 AMP,RELE AUXILIAR 70 AMP,,Elétrica,,,UN,,4.0,0,0,Ativo
5906,CHAVE DE LUZ,CHAVE DE LUZ,,Ferramentas,,,UN,,3.0,0,0,Ativo
5907,DESENGRAXANTE 50L ALCALINO,DESENGRAXANTE 50L ALCALINO,,Pintura e Química,,,BL,,132.0,0,0,Ativo
6021,TRILHO VIDRO PORTA VW,TRILHO VIDRO PORTA VW,,Direção e Cabine,,,UN,,7.0,0,0,Ativo
6025,"KIT CHIP V1564 ERA 400942,040-0846/0715","KIT CHIP V1564 ERA 400942,040-0846/0715",,Geral,,,UN,,1.0,0,0,Ativo
6087,ANILHAS - BELCAR,ANILHAS - BELCAR,,"Fixação e Diversos (parafusos, arruelas, etc.)",,,UN,,14.0,0,0,Ativo
6274,FECHADURA PORTA INTERNA VW - L/E MB,FECHADURA PORTA INTERNA VW - L/E MB,,Direção e Cabine,,,UN,,3.0,0,0,Ativo
6304,CILINDRO AUXILIAR EMBREAGEM,CILINDRO AUXILIAR EMBREAGEM,,Motor e Transmissão,,,UN,,1.0,0,0,Ativo
6308,RELE 4 PINOS 40A C SUPORTE P FIXACAO PC,RELE 4 PINOS 40A C SUPORTE P FIXACAO PC,,Elétrica,,,UN,,1.0,0,0,Ativo
6359,MANGUEIRA20MM PARA LAVAGEM,MANGUEIRA20MM PARA LAVAGEM,,Geral,,,UN,,25.0,0,0,Ativo
6491,FITA ISOLANTE 20MT,FITA ISOLANTE 20MT,,Elétrica,,,UN,,1.0,0,0,Ativo
6623,PRESILHA FORRO PORTA,PRESILHA FORRO PORTA,,Geral,,,UN,,300.0,0,0,Ativo
6625,CHAVE ESTRELA CATRACA REVERSIVEL 2 PCS,CHAVE ESTRELA CATRACA REVERSIVEL 2 PCS,,Ferramentas,,,UN,,2.0,0,0,Ativo
6626,JG CHAVE ALLEN ABAULADA ZEBRA,JG CHAVE ALLEN ABAULADA ZEBRA,,Ferramentas,,,UN,,1.0,0,0,Ativo
6634,OLEO LUBRIFICANTE 15W40,OLEO LUBRIFICANTE 15W40,,Motor e Transmissão,,,UN,,28.0,0,0,Ativo
6786,FILTRO AR UNO 92/ARL4147,FILTRO AR UNO 92/ARL4147,,Motor e Transmissão,,,UN,,3.0,0,0,Ativo
6801,CABO CAPO MB 1618/1935,CABO CAPO MB 1618/1935,,Direção e Cabine,,,UN,,4.0,0,0,Ativo
6817,MOLA CUICA 7' 8' 9' POL,MOLA CUICA 7' 8' 9' POL,,Freio e Suspensão,,,UN,,2.0,0,0,Ativo
6920,PORCA SEXTAVADA 5/16,PORCA SEXTAVADA 5/16,,"Fixação e Diversos (parafusos, arruelas, etc.)",,,UN,,80.0,0,0,Ativo
7005,LIMPA PARABRISA 100ML,LIMPA PARABRISA 100ML,,Pintura e Química,,,UN,,19.0,0,0,Ativo
7376,BOIA NIVEL ANAUGER SENSORCONTROL 15A 1.5,BOIA NIVEL ANAUGER SENSORCONTROL 15A 1.5,,Elétrica,,,UN,,1.0,0,0,Ativo
7392,ARRUELA ALUMINIO 12X18X1.5 C 50 PT 1 PT,ARRUELA ALUMINIO 12X18X1.5 C 50 PT 1 PT,,"Fixação e Diversos (parafusos, arruelas, etc.)",,,UN,,12.0,0,0,Ativo
7395,ARRUELA COBRE 11X17X1.0 C 25 PT 1 PT,ARRUELA COBRE 11X17X1.0 C 25 PT 1 PT,,"Fixação e Diversos (parafusos, arruelas, etc.)",,,UN,,5.0,0,0,Ativo
7396,ARRUELA CONICA VEDAR CANO PT C 50 PT,ARRUELA CONICA VEDAR CANO PT C 50 PT,,"Fixação e Diversos (parafusos, arruelas, etc.)",,,UN,,41.0,0,0,Ativo
7434,PARAFUSO 8MM G (UNIPECAS),PARAFUSO 8MM G (UNIPECAS),,"Fixação e Diversos (parafusos, arruelas, etc.)",,,UN,,3.0,0,0,Ativo
7457,PORTA ESCOVA DO MOTOR DE PARTIDA,PORTA ESCOVA DO MOTOR DE PARTIDA,,Elétrica,,,UN,,1.0,0,0,Ativo
7558,SAPATA DE FREIO (EUROTEC),SAPATA DE FREIO (EUROTEC),,Freio e Suspensão,,,UN,,2.0,0,0,Ativo
7628,MACACO HIDRULICO GARRAFA 20T - BOVENAU,MACACO HIDRULICO GARRAFA 20T - BOVENAU,,Ferramentas,,,UN,,2.0,0,0,Ativo
7629,MACACO HIDRAULICO GARRAFA 4T 2 ESTAGIOS,MACACO HIDRAULICO GARRAFA 4T 2 ESTAGIOS,,Ferramentas,,,UN,,1.0,0,0,Ativo
7639,CHAVE CINTA GEDORE,CHAVE CINTA GEDORE,,Ferramentas,,,UN,,1.0,0,0,Ativo
7778,LANTERNA OLHO DE BOI,LANTERNA OLHO DE BOI,,Elétrica,,,UN,,7.0,0,0,Ativo
7840,ANEL TRAVA EIXO CABINE,ANEL TRAVA EIXO CABINE,,Geral,,,UN,,15.0,0,0,Ativo
7879,ESTOPA 150G,ESTOPA 150G,,Geral,,,UN,,12.0,0,0,Ativo
7967,REFIL AUTOMOVEL PNEU S CAMERA,REFIL AUTOMOVEL PNEU S CAMERA,,Pneus e Rodas,,,UN,,146.0,0,0,Ativo
8199,BOMBA AGUA MOTOR TK370,BOMBA AGUA MOTOR TK370,,Thermo King,,,UN,,3.0,0,0,Ativo
8202,CONTROLADOR DIGITAL TS 303,CONTROLADOR DIGITAL TS 303,,Elétrica,,,UN,,1.0,0,0,Ativo
8278,FILTRO DE COMBUSTIVEL PSC353,FILTRO DE COMBUSTIVEL PSC353,,Motor e Transmissão,,,UN,,4.0,0,0,Ativo
8355,RELE AUX. 24V 70A 4 TERM,RELE AUX. 24V 70A 4 TERM,,Elétrica,,,UN,,3.0,0,0,Ativo
8356,RELE AUXILIAR 12V 4 SAIDAS,RELE AUXILIAR 12V 4 SAIDAS,,Elétrica,,,UN,,2.0,0,0,Ativo
8385,PARAFUSO SEXTAVADO 8.8 933 10X20 M,PARAFUSO SEXTAVADO 8.8 933 10X20 M,,"Fixação e Diversos (parafusos, arruelas, etc.)",,,UN,,81.0,0,0,Ativo
1506,FAROL CAMINHAO VW 23220,FAROL CAMINHAO VW 23220,,Elétrica,,,UN,,3.0,0,0,Ativo
1573,LIMPA CARTER WB92,LIMPA CARTER WB92,,Motor e Transmissão,,,UN,,6.0,0,0,Ativo
1635,CORREIA DENTADA,CORREIA DENTADA,,Motor e Transmissão,,,UN,,2.0,0,0,Ativo
1719,COXIM DIANTEIRO CABINE,COXIM DIANTEIRO CABINE,,Direção e Cabine,,,UN,,2.0,0,0,Ativo
1765,CHAVE COMBINADA 7,CHAVE COMBINADA 7,,Ferramentas,,,UN,,1.0,0,0,Ativo
1813,SENSOR DE OLEO,SENSOR DE OLEO,,Elétrica,,,UN,,2.0,0,0,Ativo
1823,CHICOTE,CHICOTE,,Elétrica,,,UN,,2.0,0,0,Ativo
1941,PORCA 6M,PORCA 6M,,"Fixação e Diversos (parafusos, arruelas, etc.)",,,UN,,53.0,0,0,Ativo
1976,OLEO 2 TEMPOS,OLEO 2 TEMPOS,,Motor e Transmissão,,,UN,,3.0,0,0,Ativo
1977,CARREGADOR DE BATERIA P/5 BATERIAS,CARREGADOR DE BATERIA P/5 BATERIAS,,Elétrica,,,UN,,1.0,0,0,Ativo
1978,TESTE DE BATERIAS,TESTE DE BATERIAS,,Elétrica,,,UN,,1.0,0,0,Ativo
1995,KIT ESPATULA TRUCK P/ PNEU CAMINHAO,KIT ESPATULA TRUCK P/ PNEU CAMINHAO,,Ferramentas,,,UN,,1.0,0,0,Ativo
2000,CHAVE DE RODA 32X33,CHAVE DE RODA 32X33,,Ferramentas,,,UN,,1.0,0,0,Ativo
2087,BOBINA SOLENOIDE,BOBINA SOLENOIDE,,Elétrica,,,UN,,1.0,0,0,Ativo
2243,PARAFUSO ALLEN C/ CABO 6X40 ROSCA GROSSA,PARAFUSO ALLEN C/ CABO 6X40 ROSCA GROSSA,,"Fixação e Diversos (parafusos, arruelas, etc.)",,,UN,,5.0,0,0,Ativo
2246,PARAFUSO SEXTAVADO 1/2X1,PARAFUSO SEXTAVADO 1/2X1,,"Fixação e Diversos (parafusos, arruelas, etc.)",,,UN,,25.0,0,0,Ativo
2249,BOTAO DE PARTIDA MERCEDES 1113,BOTAO DE PARTIDA MERCEDES 1113,,Elétrica,,,UN,,2.0,0,0,Ativo
2303,FILTRO DE AR HD9839,FILTRO DE AR HD9839,,Motor e Transmissão,,,UN,,1.0,0,0,Ativo
2339,ARRUELA ENCOSTO FEIXE MOLA DIANTEIRA,ARRUELA ENCOSTO FEIXE MOLA DIANTEIRA,,Freio e Suspensão,,,UN,,1.0,0,0,Ativo
2345,CORREIA ALTERNADOR MOTOR,CORREIA ALTERNADOR MOTOR,,Motor e Transmissão,,,UN,,5.0,0,0,Ativo
2352,MAQUINA DE POLIR,MAQUINA DE POLIR,,Ferramentas,,,UN,,1.0,0,0,Ativo
2455,ESTOJO CHAVE DE CAIXA LEVE,ESTOJO CHAVE DE CAIXA LEVE,,Ferramentas,,,UN,,1.0,0,0,Ativo
2456,ESTOJO CHAVE DE CAIXA MEDIO,ESTOJO CHAVE DE CAIXA MEDIO,,Ferramentas,,,UN,,1.0,0,0,Ativo
2457,ESTOJO CHAVE DE CAIXA PESADO,ESTOJO CHAVE DE CAIXA PESADO,,Ferramentas,,,UN,,1.0,0,0,Ativo
2460,SACA POLIA,SACA POLIA,,Ferramentas,,,UN,,1.0,0,0,Ativo
2463,CINTA LISA PARA TROCA DE FILTRO,CINTA LISA PARA TROCA DE FILTRO,,Ferramentas,,,UN,,1.0,0,0,Ativo
2474,CHAVE CORRENTE PARA TROCAR FILTRO,CHAVE CORRENTE PARA TROCAR FILTRO,,Ferramentas,,,UN,,1.0,0,0,Ativo
2489,CHAVE COMBINADA 11,CHAVE COMBINADA 11,,Ferramentas,,,UN,,1.0,0,0,Ativo
2491,CHAVE COMBINADA 14,CHAVE COMBINADA 14,,Ferramentas,,,UN,,3.0,0,0,Ativo
2492,CHAVE COMBINADA 15,CHAVE COMBINADA 15,,Ferramentas,,,UN,,3.0,0,0,Ativo
2494,CHAVE COMBINADA 17,CHAVE COMBINADA 17,,Ferramentas,,,UN,,3.0,0,0,Ativo
2496,CHAVE COMBINADA 19,CHAVE COMBINADA 19,,Ferramentas,,,UN,,3.0,0,0,Ativo
2498,CHAVE COMBINADA 21,CHAVE COMBINADA 21,,Ferramentas,,,UN,,1.0,0,0,Ativo
2499,CHAVE COMBINADA 22,CHAVE COMBINADA 22,,Ferramentas,,,UN,,4.0,0,0,Ativo
2500,CHAVE COMBINADA 23,CHAVE COMBINADA 23,,Ferramentas,,,UN,,1.0,0,0,Ativo
2503,CHAVE COMBINADA 27,CHAVE COMBINADA 27,,Ferramentas,,,UN,,2.0,0,0,Ativo
2504,CHAVE COMBINADA 28,CHAVE COMBINADA 28,,Ferramentas,,,UN,,1.0,0,0,Ativo
2507,CHAVE COMBINADA 36,CHAVE COMBINADA 36,,Ferramentas,,,UN,,1.0,0,0,Ativo
2508,CHAVE COMBINADA 41,CHAVE COMBINADA 41,,Ferramentas,,,UN,,1.0,0,0,Ativo
2510,CHAVE COMBINADA 50,CHAVE COMBINADA 50,,Ferramentas,,,UN,,1.0,0,0,Ativo
2516,ESPATULA PARA PNEUS,ESPATULA PARA PNEUS,,Ferramentas,,,UN,,1.0,0,0,Ativo
2520,CALIBRADOR DE PNEUS,CALIBRADOR DE PNEUS,,Ferramentas,,,UN,,1.0,0,0,Ativo
2542,CHAVE DE L 10,CHAVE DE L 10,,Ferramentas,,,UN,,1.0,0,0,Ativo
2543,CHAVE DE L 11,CHAVE DE L 11,,Ferramentas,,,UN,,1.0,0,0,Ativo
2544,CHAVE DE L 12,CHAVE DE L 12,,Ferramentas,,,UN,,1.0,0,0,Ativo
2545,CHAVE DE L 15,CHAVE DE L 15,,Ferramentas,,,UN,,2.0,0,0,Ativo
2546,CHAVE DE L 16,CHAVE DE L 16,,Ferramentas,,,UN,,1.0,0,0,Ativo
2575,COXIM RADIADOR DA BASE MB,COXIM RADIADOR DA BASE MB,,Direção e Cabine,,,UN,,26.0,0,0,Ativo
2617,KIT SENSOR ERA 040-0871,KIT SENSOR ERA 040-0871,,Elétrica,,,UN,,2.0,0,0,Ativo
2620,CHAVE DE AR 066-6243,CHAVE DE AR 066-6243,,Ferramentas,,,UN,,1.0,0,0,Ativo
2634,NITROGENIO,NITROGENIO,,Geral,,,UN,,1.0,0,0,Ativo
2672,VALVULA REGULADOR NITROGENIO,VALVULA REGULADOR NITROGENIO,,Geral,,,UN,,1.0,0,0,Ativo
2699,PLUG BLOCO 35MM 055-5806,PLUG BLOCO 35MM 055-5806,,"Fixação e Diversos (parafusos, arruelas, etc.)",,,UN,,2.0,0,0,Ativo
2703,GUIA DE VALVULA 011-6038,GUIA DE VALVULA 011-6038,,"Fixação e Diversos (parafusos, arruelas, etc.)",,,UN,,6.0,0,0,Ativo
2704,ESPACADOR DA VALVULA 011-6043,ESPACADOR DA VALVULA 011-6043,,"Fixação e Diversos (parafusos, arruelas, etc.)",,,UN,,5.0,0,0,Ativo
2705,TERMINAL 055-0193,TERMINAL 055-0193,,Geral,,,UN,,2.0,0,0,Ativo
2706,CASQUILHO PRINCIPAL STD 011-6026,CASQUILHO PRINCIPAL STD 011-6026,,"Fixação e Diversos (parafusos, arruelas, etc.)",,,UN,,2.0,0,0,Ativo
2713,PISTAO STANDER 011-9934,PISTAO STANDER 011-9934,,Motor e Transmissão,,,UN,,2.0,0,0,Ativo
2717,TINTA BRANCO GEADA PU,TINTA BRANCO GEADA PU,,Pintura e Química,,,UN,,3.0,0,0,Ativo
2719,FURADEIRA,FURADEIRA,,Ferramentas,,,UN,,1.0,0,0,Ativo
2771,TAMPA RESERVATORIO RADIADOR,TAMPA RESERVATORIO RADIADOR,,Motor e Transmissão,,,UN,,2.0,0,0,Ativo
2804,INSERTO 1/2,INSERTO 1/2,,"Fixação e Diversos (parafusos, arruelas, etc.)",,,UN,,7.0,0,0,Ativo
2895,PENDENTE DE LUZ 5MTS C/ PINO E TOMADA,PENDENTE DE LUZ 5MTS C/ PINO E TOMADA,,"Fixação e Diversos (parafusos, arruelas, etc.)",,,UN,,1.0,0,0,Ativo
2899,CABO TRANSMISSAO BATERIA 16MM 3MTS,CABO TRANSMISSAO BATERIA 16MM 3MTS,,Elétrica,,,UN,,1.0,0,0,Ativo
2900,TERMINAL OLHAL LATAO 8MM APERTO,TERMINAL OLHAL LATAO 8MM APERTO,,Elétrica,,,UN,,18.0,0,0,Ativo
2902,"TERMINAL ISOLADO OLHAL 4MM CABO 1,5MM","TERMINAL ISOLADO OLHAL 4MM CABO 1,5MM",,Elétrica,,,UN,,109.0,0,0,Ativo
2907,COLA TRAVA ROSCA,COLA TRAVA ROSCA,,Pintura e Química,,,UN,,4.0,0,0,Ativo
2926,LAMPADA TORPEDO 12V,LAMPADA TORPEDO 12V,,Elétrica,,,UN,,10.0,0,0,Ativo
2949,CAPACETE,CAPACETE,,EPI / Segurança,,,UN,,1.0,0,0,Ativo
2984,ANILHA 1/2,ANILHA 1/2,,"Fixação e Diversos (parafusos, arruelas, etc.)",,,UN,,23.0,0,0,Ativo
2996,RETENTOR DE VALVULA,RETENTOR DE VALVULA,,Motor e Transmissão,,,UN,,6.0,0,0,Ativo
3009,GAS R141B,GAS R141B,,Thermo King,,,UN,,5.9,0,0,Ativo
667,PINO DO EMBUCHAMENTO,PINO DO EMBUCHAMENTO,,Motor e Transmissão,,,UN,,3.0,0,0,Ativo
680,CHAVE DE FENDA GEDORE 1/4X6,CHAVE DE FENDA GEDORE 1/4X6,,Ferramentas,,,UN,,1.0,0,0,Ativo
687,CHAVE DE PHILIPS GEDORE 3/16X6,CHAVE DE PHILIPS GEDORE 3/16X6,,Ferramentas,,,UN,,1.0,0,0,Ativo
702,CORREIA 8PK 1390,CORREIA 8PK 1390,,Motor e Transmissão,,,UN,,3.0,0,0,Ativo
710,LAMPADA H 3 12V,LAMPADA H 3 12V,,Elétrica,,,UN,,31.0,0,0,Ativo
713,LAMPADA 6/9 24W,LAMPADA 6/9 24W,,Elétrica,,,UN,,22.0,0,0,Ativo
715,LAMPADA TORPEDO 24V,LAMPADA TORPEDO 24V,,Elétrica,,,UN,,6.0,0,0,Ativo
733,OLEO 90,OLEO 90,,Motor e Transmissão,,,UN,,59.0,0,0,Ativo
734,OLEO HIDRAULICO ATF,OLEO HIDRAULICO ATF,,Motor e Transmissão,,,UN,,9.0,0,0,Ativo
736,JOGO DE CHAVE COMBINADA GEDORE 6-22MM,JOGO DE CHAVE COMBINADA GEDORE 6-22MM,,Ferramentas,,,UN,,2.0,0,0,Ativo
739,JOGO DE CHAVE HEXAGONAL/ALLEN 3 A 14MM,JOGO DE CHAVE HEXAGONAL/ALLEN 3 A 14MM,,Ferramentas,,,UN,,2.0,0,0,Ativo
757,MAQUINA DO VIDRO LE DA VW00,MAQUINA DO VIDRO LE DA VW00,,Direção e Cabine,,,UN,,1.0,0,0,Ativo
770,METAZIL ATIVADO 50L ALCALINO,METAZIL ATIVADO 50L ALCALINO,,Pintura e Química,,,BL,,57.0,0,0,Ativo
773,OLEO 140,OLEO 140,,Motor e Transmissão,,,UN,,22.0,0,0,Ativo
776,FUSIVEL DE VIDRO,FUSIVEL DE VIDRO,,Elétrica,,,UN,,33.0,0,0,Ativo
778,LAMPADA 24V 3W,LAMPADA 24V 3W,,Elétrica,,,UN,,50.0,0,0,Ativo
783,ALICATE MEIA CANA 6,ALICATE MEIA CANA 6,,Ferramentas,,,UN,,4.0,0,0,Ativo
784,ARRUELA DE PRESSAO,ARRUELA DE PRESSAO,,"Fixação e Diversos (parafusos, arruelas, etc.)",,,UN,,62.0,0,0,Ativo
785,TERMINAL DE FURO,TERMINAL DE FURO,,Geral,,,UN,,152.0,0,0,Ativo
786,TERMINAL DE ENCAIXE,TERMINAL DE ENCAIXE,,Geral,,,UN,,110.0,0,0,Ativo
808,LENTE TRASEIRA DO PISCA VW,LENTE TRASEIRA DO PISCA VW,,Elétrica,,,UN,,7.0,0,0,Ativo
809,LANTERNA DO PISCA DIANTEIRA VW,LANTERNA DO PISCA DIANTEIRA VW,,Elétrica,,,UN,,11.0,0,0,Ativo
820,FILTRO SECADOR OFD-9100,FILTRO SECADOR OFD-9100,,Motor e Transmissão,,,UN,,1.0,0,0,Ativo
860,"DIAFRAGMA DE 6""","DIAFRAGMA DE 6""",,Freio e Suspensão,,,UN,,12.0,0,0,Ativo
861,"DIAFRAGMA DE 8"" SPRING BRAKE FREIO ESTAC","DIAFRAGMA DE 8"" SPRING BRAKE FREIO ESTAC",,Thermo King,,,UN,,1.0,0,0,Ativo
868,REPARO DA VALVULA DE PEDAL,REPARO DA VALVULA DE PEDAL,,Geral,,,UN,,2.0,0,0,Ativo
880,RETENTOR DA RODA TRASEIRA,RETENTOR DA RODA TRASEIRA,,Motor e Transmissão,,,UN,,5.0,0,0,Ativo
887,REPARO DA CUICA,REPARO DA CUICA,,Freio e Suspensão,,,UN,,6.0,0,0,Ativo
893,TERMINAL DE DIRECAO,TERMINAL DE DIRECAO,,Direção e Cabine,,,UN,,3.0,0,0,Ativo
895,CRUZETA JUNTA UNIVERSAL ATRON,CRUZETA JUNTA UNIVERSAL ATRON,,Motor e Transmissão,,,UN,,2.0,0,0,Ativo
897,LIXADEIRA,LIXADEIRA,,Ferramentas,,,UN,,2.0,0,0,Ativo
906,SOLENOIDE MOTOR PARTIDA,SOLENOIDE MOTOR PARTIDA,,Thermo King,,,UN,,1.0,0,0,Ativo
955,SENSOR VELOCIDADE VELOCIMETRO,SENSOR VELOCIDADE VELOCIMETRO,,Elétrica,,,UN,,1.0,0,0,Ativo
980,PISTAO COMPRESSOR DE AR X-214,PISTAO COMPRESSOR DE AR X-214,,Thermo King,,,UN,,1.0,0,0,Ativo
981,CORREIA DA POLIA T680/880,CORREIA DA POLIA T680/880,,Motor e Transmissão,,,UN,,4.0,0,0,Ativo
1023,RETENTOR CAIXA REDUCAO,RETENTOR CAIXA REDUCAO,,Motor e Transmissão,,,UN,,1.0,0,0,Ativo
1027,PISTOLA DE PINTURA,PISTOLA DE PINTURA,,Ferramentas,,,UN,,1.0,0,0,Ativo
1035,TRAVA ARANHA MB,TRAVA ARANHA MB,,Direção e Cabine,,,UN,,5.0,0,0,Ativo
1047,LAMPADA PINGAO 12V 5W - PHILIPS,LAMPADA PINGAO 12V 5W - PHILIPS,,Elétrica,,,UN,,4.0,0,0,Ativo
1059,CORREIA B 51,CORREIA B 51,,Motor e Transmissão,,,UN,,1.0,0,0,Ativo
1067,HELICE EVAPORADORA TD 06,HELICE EVAPORADORA TD 06,,Thermo King,,,UN,,5.0,0,0,Ativo
1068,FAIXA REFLETIVA P/CHOQUE,FAIXA REFLETIVA P/CHOQUE,,Geral,,,UN,,1.0,0,0,Ativo
1098,ESCADA ALUMINIO 07 DEGRAUS,ESCADA ALUMINIO 07 DEGRAUS,,Ferramentas,,,UN,,1.0,0,0,Ativo
1102,CATRACA DE FREIO 28 ESTRIAS,CATRACA DE FREIO 28 ESTRIAS,,Freio e Suspensão,,,UN,,5.0,0,0,Ativo
1151,OLEO DIESEL B S-10,OLEO DIESEL B S-10,,Motor e Transmissão,,,LT,,13742.4,0,0,Ativo
1155,CHAVE GRIFO 18 TIPO AMERICANA - VONDER,CHAVE GRIFO 18 TIPO AMERICANA - VONDER,,Ferramentas,,,UN,,1.0,0,0,Ativo
1199,CONTRA PINO,CONTRA PINO,,"Fixação e Diversos (parafusos, arruelas, etc.)",,,UN,,4.0,0,0,Ativo
1201,PORCA 5/8,PORCA 5/8,,"Fixação e Diversos (parafusos, arruelas, etc.)",,,UN,,3.0,0,0,Ativo
1219,"GRAXEIRA RETA 8X1,0","GRAXEIRA RETA 8X1,0",,"Fixação e Diversos (parafusos, arruelas, etc.)",,,UN,,67.0,0,0,Ativo
1222,FUSIVEL THERMO KING,FUSIVEL THERMO KING,,Thermo King,,,UN,,15.0,0,0,Ativo
1328,CHAVE COMBINADA 13,CHAVE COMBINADA 13,,Ferramentas,,,UN,,1.0,0,0,Ativo
1343,PINO DE CENTRO 12X6,PINO DE CENTRO 12X6,,"Fixação e Diversos (parafusos, arruelas, etc.)",,,UN,,2.0,0,0,Ativo
1344,PINO DE CENTRO 12X12,PINO DE CENTRO 12X12,,"Fixação e Diversos (parafusos, arruelas, etc.)",,,UN,,8.0,0,0,Ativo
1383,MARRETA DE FERRO 8KG,MARRETA DE FERRO 8KG,,Ferramentas,,,UN,,1.0,0,0,Ativo
1384,MARRETA,MARRETA,,Ferramentas,,,UN,,1.0,0,0,Ativo
1419,TERMINAL ELETRICO LATAO MACHO,TERMINAL ELETRICO LATAO MACHO,,Elétrica,,,UN,,76.0,0,0,Ativo
1428,"TERMINAL ELETRICO AGULHA AZUL 2,1MM","TERMINAL ELETRICO AGULHA AZUL 2,1MM",,Elétrica,,,UN,,90.0,0,0,Ativo
